Letter, freq(%), matched_letter
X,10,
V,8.571428571,
Y,8.571428571,
O,8.571428571,
M,8.571428571,
G,7.142857143,
F,7.142857143,
Z,4.285714286,
Q,4.285714286,
U,2.857142857,
E,2.857142857,
A,2.857142857,
R,0,
J,0,
N,0,
T,0,
H,0,
